28,0,0,
60,0,0,
93,0,0,
125,0,0,
149,0,0,
173,0,0,
205,0,0,
229,0,0,
261,0,0,
294,0,0,
326,0,0,
350,0,0,
383,0,0,
407,0,0,
440,0,0,
464,0,0,
496,0,0,
529,0,0,
561,0,0,
594,0,0,
626,0,0,
658,0,0,
691,0,0,
723,0,0,
747,0,0,
779,0,0,
811,0,0,
837,0,0,
868,0,0,
903,0,0,
936,0,0,
960,0,0,
992,0,0,
1024,0,0,
1057,0,0,
1081,0,0,
1112,0,0,
1137,0,0,
1169,0,0,
1193,0,0,
1226,0,0,
1250,0,0,
1274,0,0,
1298,0,0,
1322,0,0,
1346,0,0,
1371,0,0,
1395,0,0,
1427,0,0,
1451,0,0,
1483,0,0,
1515,0,0,
1547,0,0,
1579,0,0,
1612,0,0,
1644,0,0,
1677,0,0,
1699,0,0,
1731,0,0,
1755,0,0,
1779,0,0,
1807,0,0,
1840,0,0,
1872,0,0,
1896,0,0,
1924,0,0,
1949,0,0,
1981,0,0,
2013,0,0,
2044,0,0,
2069,0,0,
2093,0,0,
2125,0,0,
2157,0,0,
2185,0,0,
2214,0,0,
2246,0,0,
2277,0,0,
2301,0,0,
2333,0,0,
2365,0,0,
2398,0,0,
2430,0,0,
2463,0,0,
2496,0,0,
2519,0,0,
2551,0,0,
2584,0,0,
2616,0,0,
2648,0,0,
2672,0,0,
2697,0,0,
2729,0,0,
2761,0,0,
2793,0,0,
2815,0,0,
2847,0,0,
2879,0,0,
2905,0,0,
2940,0,0,
2972,0,0,
3004,0,0,
3029,0,0,
3061,0,0,
3094,0,0,
3128,0,0,
3158,0,0,
3188,0,0,
3214,0,0,
3246,0,0,
3279,0,0,
3303,0,0,
3336,0,0,
3368,0,0,
3392,0,0,
3425,0,0,
3457,0,0,
3489,0,0,
3521,0,0,
3545,0,0,
3577,0,0,
3602,0,0,
3626,0,0,
3658,0,0,
3690,0,0,
3715,0,1,
3747,2,2,
3779,0,1,
3811,0,1,
3844,0,0,
3876,1,2,
3900,1,1,
3932,0,1,
3964,0,2,
3997,0,0,
4029,1,0,
4061,0,0,
4091,0,0,
4117,1,1,
4141,1,1,
4173,0,0,
4205,1,1,
4237,0,1,
4270,1,0,
4294,0,0,
4327,1,1,
4359,1,0,
4391,1,0,
4415,0,0,
4439,0,0,
4471,1,0,
4503,0,1,
4528,0,1,
4552,0,0,
4576,1,0,
4600,0,0,
4624,1,0,
4656,0,1,
4689,0,1,
4713,0,0,
4746,0,0,
4770,0,1,
4794,0,1,
4819,0,0,
4851,1,1,
4883,1,1,
4907,0,0,
4939,0,0,
4971,0,1,
5003,0,0,
5036,0,0,
5060,0,0,
5085,0,0,
5109,0,0,
5133,0,0,
5157,0,0,
5181,0,0,
5205,0,0,
5238,0,0,
5270,0,0,
5302,0,0,
5326,0,0,
5358,0,0,
5391,0,1,
5423,0,0,
5447,0,0,
5479,0,1,
5511,0,0,
5543,1,1,
5567,0,0,
5592,0,0,
5624,0,0,
5657,0,1,
5691,1,0,
5713,1,0,
5745,0,0,
5777,0,0,
5801,0,0,
5833,0,1,
5857,1,1,
5881,0,0,
5913,0,1,
5938,0,0,
5970,0,0,
6002,1,0,
6026,0,0,
6050,1,0,
6074,0,0,
6098,0,0,
6122,1,1,
6147,0,0,
6179,0,1,
6210,0,0,
6243,0,1,
6275,0,0,
6307,0,0,
6339,1,0,
6371,0,0,
6403,0,1,
6435,0,0,
6459,0,0,
6491,0,0,
6524,0,0,
6556,0,0,
6580,0,0,
6604,0,0,
6628,0,0,
6652,0,0,
6685,0,0,
6717,1,0,
6741,0,0,
6773,0,0,
6805,0,0,
6837,0,0,
6870,0,0,
6895,0,0,
6927,0,0,
6960,0,0,
6992,0,0,
7025,0,0,
7057,0,0,
7081,0,0,
7105,0,0,
7129,0,0,
7162,0,0,
7186,0,0,
7218,0,0,
7242,0,0,
20,0,0,
56,0,0,
89,0,0,
123,0,0,
155,0,0,
188,0,0,
222,0,0,
253,0,0,
288,0,0,
320,0,0,
351,0,0,
382,0,0,
414,0,0,
445,0,0,
476,0,0,
508,0,0,
539,0,0,
570,0,0,
602,0,0,
633,0,0,
664,0,0,
696,0,0,
727,0,0,
758,0,0,
789,0,0,
820,0,0,
851,0,0,
883,0,0,
914,0,0,
945,0,0,
977,0,0,
1010,0,0,
1041,0,0,
1072,0,0,
1104,0,0,
1135,0,0,
1167,0,0,
1198,0,0,
1230,0,0,
1263,0,0,
1290,0,0,
1322,0,0,
1354,0,0,
1389,0,0,
1421,0,0,
1449,0,0,
1479,0,0,
1506,0,0,
1538,0,0,
1569,0,0,
1600,0,0,
1632,0,0,
1663,0,0,
1688,0,0,
1722,0,0,
1753,0,0,
1785,0,0,
1818,0,0,
1839,0,0,
1870,0,0,
1901,0,0,
1933,0,0,
1964,0,0,
1995,0,0,
2027,0,0,
2058,0,0,
2090,0,0,
2121,0,0,
2152,0,0,
2183,0,0,
2215,0,0,
2246,0,0,
2277,0,0,
2309,0,0,
2340,0,0,
2371,0,0,
2403,0,0,
2434,0,0,
2466,0,0,
2496,0,0,
2528,0,0,
2559,0,0,
2590,0,0,
2622,0,0,
2653,0,0,
2684,0,0,
2716,0,0,
2747,0,0,
2779,0,0,
2810,0,0,
2842,0,0,
2873,0,0,
2897,0,0,
2921,0,0,
2952,0,0,
2983,0,0,
3015,0,0,
3046,0,0,
3073,0,0,
3111,2,2,
3142,1,1,
3172,0,1,
3203,0,0,
3234,1,0,
3266,1,0,
3297,0,0,
3329,0,0,
3360,0,0,
3392,0,0,
3423,0,0,
3454,0,0,
3485,0,0,
3517,0,0,
3548,0,0,
3580,0,0,
3611,0,0,
3642,0,0,
3674,0,0,
3705,0,0,
3736,0,0,
3768,0,0,
3799,0,0,
3831,0,0,
3862,0,0,
3893,0,0,
3925,0,0,
3956,0,0,
3988,0,0,
4020,0,0,
4051,0,0,
4082,0,0,
4114,0,0,
4145,0,0,
4176,0,0,
4208,0,0,
4239,0,0,
4270,0,0,
4302,0,0,
4334,0,0,
4365,0,0,
4396,0,0,
4428,0,0,
4459,0,0,
4490,0,0,
4522,0,0,
4553,0,0,
4584,0,0,
4615,0,0,
4647,0,0,
4678,0,0,
4710,0,0,
4741,0,0,
4772,0,0,
4803,0,0,
4834,0,0,
4866,0,0,
4897,0,0,
4928,0,0,
4960,0,0,
4993,0,0,
5022,0,0,
5053,0,0,
5084,0,0,
5116,0,0,
5147,0,0,
5178,0,0,
5210,0,0,
5241,0,0,
5273,0,0,
5304,0,0,
5335,0,0,
5366,0,0,
5398,0,0,
5429,0,0,
5461,0,0,
5493,0,0,
5526,0,0,
5555,0,0,
5586,0,0,
5618,0,0,
5649,0,0,
5680,0,0,
5712,0,0,
5743,0,0,
5775,0,0,
5805,0,0,
5837,0,0,
5868,0,0,
5900,0,0,
5932,0,0,
5963,0,0,
5994,0,0,
6026,0,0,
6059,0,0,
6089,0,0,
6121,0,0,
6153,0,0,
6184,0,0,
6216,0,0,
6247,0,0,
6278,0,0,
6310,0,0,
6341,0,0,
6373,0,0,
6404,0,0,
6436,0,0,
6467,0,0,
6498,0,0,
6530,0,0,
6562,0,0,
6593,0,0,
6622,0,0,
6653,0,0,
6684,0,0,
6716,0,0,
6747,0,0,
6779,0,0,
6811,0,0,
6842,0,0,
6874,0,0,
6905,0,0,
6937,0,0,
6968,0,0,
6999,0,0,
7031,0,0,
7063,0,0,
7094,0,0,
7123,0,0,
7154,0,0,
7186,0,0,
7218,0,0,
7249,0,0,
7280,0,0,
7312,0,0,
7344,0,0,
7375,0,0,
7406,0,0,
7438,0,0,
7469,0,0,
7500,0,0,
7532,0,0,
7564,0,0,
7595,0,0,
7627,0,0,
7656,0,0,
7688,0,0,
7720,0,0,
7751,0,0,
7782,0,0,
7814,0,0,
7845,0,0,
7877,0,0,
7908,0,0,
7940,0,0,
7971,0,0,
8002,0,0,
8034,0,0,
8066,0,0,
8097,0,0,
8129,0,0,
8160,0,0,
8190,0,0,
8221,0,0,
8252,0,0,
8283,0,0,
8315,0,0,
8347,0,0,
8378,0,0,
8410,0,0,
8441,0,0,
8472,0,0,
8503,0,0,
8535,0,0,
8567,0,0,
8598,0,0,
8630,0,0,
8661,0,0,
8692,0,0,
8723,0,0,
8755,0,0,
8786,0,0,
8817,0,0,
8849,0,0,
8880,0,0,
8911,0,0,
8943,0,0,
8974,0,0,
9005,0,0,
9037,0,0,
9068,0,0,
9100,0,0,
9131,0,0,
9162,0,0,
9194,0,0,
9225,0,0,
9256,0,0,
9288,0,0,
9319,0,0,
9351,0,0,
9382,0,0,
9413,0,0,
9445,0,0,
9476,0,0,
9507,0,0,
9539,0,0,
9570,0,0,
9602,0,0,
9633,0,0,
9665,0,0,
9696,0,0,
9727,0,0,
9759,0,0,
9790,0,0,
9821,0,0,
9852,0,0,
9883,0,0,
9915,0,0,
9946,0,0,
9978,0,0,
10009,0,0,
10040,0,0,
10072,0,0,
10103,0,0,
10135,0,0,
10166,0,0,
10197,0,0,
10229,0,0,
10260,0,0,
10294,0,0,
10322,0,0,
10353,0,0,
10384,0,0,
10416,0,0,
10448,0,0,
10479,0,0,
10510,0,0,
10542,0,0,
10573,0,0,
10605,0,0,
10636,0,0,
10667,0,0,
10699,0,0,
10730,0,0,
10761,0,0,
10792,0,0,
10825,0,0,
10855,0,0,
10886,0,0,
10918,0,0,
10949,0,0,
10981,0,0,
11012,0,0,
11043,0,0,
11075,0,0,
11106,0,0,
11137,0,0,
11169,0,0,
11200,0,0,
11232,0,0,
11263,0,0,
11295,0,0,
11327,0,0,
11358,0,0,
11387,0,0,
11419,0,0,
11450,0,0,
11481,0,0,
11513,0,0,
11544,0,0,
11575,0,0,
11607,0,0,
11638,0,0,
11669,0,0,
11701,0,0,
11732,0,0,
11763,0,0,
11795,0,0,
11826,0,0,
11858,0,0,
11890,0,0,
11923,0,0,
11954,0,0,
11986,0,0,
12017,0,0,
12049,0,0,
12080,0,0,
12111,0,0,
12143,0,0,
12174,0,0,
12205,0,0,
12237,0,0,
12268,0,0,
12300,0,0,
12331,0,0,
12363,0,0,
12394,0,0,
12419,0,0,
12439,0,0,
12471,0,0,
12502,0,0,
12534,0,0,
12565,0,0,
12596,0,0,
12628,0,0,
12659,0,0,
12690,0,0,
12722,0,0,
12753,0,0,
12784,0,0,
12815,0,0,
12847,0,0,
12878,0,0,
12910,0,0,
12941,0,0,
12971,0,0,
13003,0,0,
13034,0,0,
13065,0,0,
13097,1,0,
13128,1,1,
13155,0,0,
13191,0,0,
13222,0,0,
13245,0,0,
13274,0,0,
13305,0,0,
13338,0,0,
13370,0,0,
13401,0,0,
13432,0,0,
13464,0,0,
13490,0,0,
13521,0,0,
13552,0,0,
13584,0,0,
13615,0,0,
13646,0,0,
13678,0,0,
13709,0,0,
13741,0,0,
13772,0,0,
13803,0,0,
13835,0,0,
13866,0,0,
13897,0,0,
13929,0,0,
13960,0,0,
13991,0,0,
14038,0,0,
46,0,0,
71,0,0,
92,0,0,
114,0,0,
136,0,0,
157,0,0,
178,0,0,
200,0,0,
221,0,0,
242,0,0,
264,0,0,
285,0,0,
306,0,0,
327,0,0,
349,0,0,
370,0,0,
391,0,0,
412,0,0,
434,0,0,
455,0,0,
489,0,0,
511,0,0,
533,0,0,
555,0,0,
604,0,0,
633,0,0,
671,0,0,
693,0,0,
714,0,0,
735,0,0,
756,0,0,
778,0,0,
799,0,0,
820,0,0,
841,0,0,
863,0,0,
884,0,0,
905,0,0,
927,0,0,
948,0,0,
969,0,0,
991,0,0,
1012,0,0,
1034,0,0,
1055,0,0,
1076,0,0,
1119,0,0,
1140,0,0,
1162,0,0,
1183,0,0,
1204,0,0,
1226,0,0,
1247,0,0,
1268,0,0,
1289,0,0,
1311,0,0,
1332,0,0,
1354,0,0,
1376,0,0,
1397,0,0,
1419,0,0,
1440,0,0,
1462,0,0,
1483,0,0,
1504,0,0,
1526,0,0,
1548,0,0,
1569,0,0,
1590,0,0,
1612,0,0,
1633,0,0,
1654,0,0,
1676,0,0,
1697,0,0,
1718,0,0,
1740,0,0,
1761,0,0,
1782,0,0,
1803,0,0,
1824,0,0,
1845,0,0,
1866,0,0,
1888,0,0,
1909,0,0,
1930,0,0,
1952,0,0,
1973,0,0,
1994,0,0,
2016,0,0,
2037,0,0,
2059,0,0,
2080,0,0,
2102,0,0,
2124,0,0,
2146,0,0,
2167,0,0,
2188,0,0,
2209,0,0,
2231,0,0,
2252,0,0,
2273,0,0,
2295,0,0,
2316,0,0,
2338,0,0,
2359,0,0,
2380,0,0,
2402,0,0,
2423,0,0,
2444,0,0,
2466,0,0,
2488,0,0,
2509,0,0,
2531,0,0,
2553,0,0,
2574,0,0,
2596,0,0,
2618,0,0,
2639,0,0,
2661,0,0,
2682,0,0,
2704,0,0,
2725,0,0,
2747,0,0,
2769,0,0,
2791,0,0,
2813,0,0,
2834,0,0,
2856,0,0,
2878,0,0,
2900,0,0,
2921,0,0,
2942,0,0,
2964,0,0,
2986,0,0,
3007,0,0,
3030,0,0,
3051,0,0,
3073,0,0,
3095,0,0,
3116,0,0,
3138,0,0,
3159,0,0,
3181,0,0,
3202,0,0,
3224,0,0,
3246,0,0,
3267,0,0,
3289,0,0,
3311,0,0,
3333,0,0,
3354,0,0,
3376,0,0,
3397,0,0,
3418,0,0,
3440,0,0,
3462,0,0,
3483,0,0,
3505,0,0,
3527,0,0,
3549,0,0,
3570,0,0,
3592,0,0,
3613,0,0,
3635,0,0,
3657,0,0,
3679,0,0,
3700,0,0,
3721,0,0,
3743,0,0,
3765,0,0,
3787,0,0,
3808,0,0,
3830,0,0,
3852,0,0,
3874,0,0,
3895,0,0,
3917,0,0,
3939,0,0,
3960,0,0,
3981,0,0,
4003,0,0,
4025,0,0,
4046,0,0,
4068,0,0,
4090,0,0,
4111,0,0,
4132,0,0,
4154,0,0,
4177,0,0,
4206,0,0,
4228,0,0,
4249,0,0,
4271,0,0,
4292,0,0,
4314,0,0,
4336,0,0,
4357,0,0,
4379,0,0,
4400,0,0,
4422,0,0,
4443,0,0,
4465,0,0,
4487,0,0,
4508,0,0,
4530,0,0,
4552,0,0,
4573,0,0,
4595,0,0,
4616,0,0,
4638,0,0,
4659,0,0,
4681,0,0,
4702,0,0,
4723,0,0,
4745,0,0,
4766,0,0,
4787,0,0,
4809,0,0,
4830,0,0,
4851,0,0,
4872,0,0,
4894,0,0,
4915,0,0,
4936,0,0,
4958,0,0,
4979,0,0,
5001,0,0,
5022,0,0,
5044,0,0,
5065,0,0,
5086,0,0,
5107,0,0,
5128,0,0,
5149,0,0,
5171,0,0,
5192,0,0,
5214,0,0,
5235,0,0,
5257,0,0,
5278,0,0,
5300,0,0,
5321,0,0,
5343,0,0,
5364,0,0,
5386,0,0,
5408,0,0,
5429,0,0,
5451,0,0,
5472,0,0,
5494,0,0,
5515,0,0,
5537,0,0,
5558,0,0,
5580,0,0,
5601,0,0,
5623,0,0,
5644,0,0,
5665,0,0,
5687,0,0,
5708,0,0,
5730,0,0,
5751,0,0,
5773,0,0,
5794,0,0,
5816,0,0,
5837,0,0,
5859,0,0,
5880,0,0,
5902,0,0,
5924,0,0,
5946,0,0,
5967,0,0,
5989,0,0,
6011,0,0,
6032,0,0,
6054,0,0,
6076,0,0,
6097,0,0,
6119,0,0,
6140,0,0,
6162,0,0,
6183,0,0,
6205,0,0,
6227,0,0,
6248,0,0,
6270,0,0,
6291,0,0,
6313,0,0,
6334,0,0,
6356,0,0,
6378,0,0,
6399,0,0,
6421,0,0,
6443,0,0,
6464,0,0,
6486,0,0,
6507,0,0,
6529,0,0,
6550,0,0,
6573,0,0,
6594,0,0,
6616,0,0,
6638,0,0,
6660,0,0,
6681,0,0,
6702,0,0,
6724,0,0,
6746,0,0,
6767,0,0,
6789,0,0,
6810,0,0,
6832,0,0,
6853,0,0,
6875,0,0,
6896,0,0,
6918,0,0,
6940,0,0,
6961,0,0,
6983,0,0,
7006,0,0,
7027,0,0,
7049,0,0,
7070,0,0,
7092,0,0,
7114,0,0,
7135,0,0,
7157,0,0,
7178,0,0,
7200,0,0,
7222,0,0,
7243,0,0,
7265,0,0,
7287,0,0,
7309,0,0,
7330,0,0,
7351,0,0,
7373,0,0,
7394,0,0,
7415,0,0,
7436,0,0,
7458,0,0,
7479,0,0,
7501,0,0,
7522,0,0,
7544,0,0,
7565,0,0,
7587,0,0,
7609,0,0,
7631,0,0,
7652,0,0,
7674,0,0,
7696,0,0,
7717,0,0,
7738,0,0,
7760,0,0,
7781,0,0,
7803,0,0,
7824,0,0,
7846,0,0,
7868,0,0,
7890,0,0,
7911,0,0,
7933,0,0,
7954,0,0,
7975,0,0,
7997,0,0,
8018,0,0,
8040,0,0,
8066,0,0,
8088,0,0,
8109,0,0,
8130,0,0,
8152,0,0,
8173,0,0,
8195,0,0,
8216,0,0,
8268,0,0,
8289,0,0,
8311,0,0,
8332,0,0,
8354,0,0,
8375,0,0,
8397,0,0,
8419,0,0,
8440,0,0,
8461,0,0,
8482,0,0,
8504,0,0,
8526,0,0,
8547,0,0,
8569,0,0,
8590,0,0,
8612,0,0,
8633,0,0,
8655,0,0,
8676,0,0,
8698,0,0,
8719,0,0,
8741,0,0,
8762,0,0,
8784,0,0,
8806,0,0,
8828,0,0,
8849,0,0,
8871,0,0,
8893,0,0,
8915,0,0,
8937,0,0,
8959,0,0,
8980,0,0,
9003,0,0,
9024,0,0,
9045,0,0,
9067,0,0,
9088,0,0,
9110,0,0,
9131,0,0,
9152,0,0,
9174,0,0,
9195,0,0,
9216,0,0,
9238,0,0,
9259,0,0,
9280,0,0,
9301,0,0,
9323,0,0,
9344,0,0,
9366,0,0,
9387,0,0,
9409,0,0,
9431,0,0,
9452,0,0,
9474,0,0,
9496,0,0,
9517,0,0,
9539,0,0,
9561,0,0,
9582,0,0,
9604,0,0,
9626,0,0,
9648,0,0,
9670,0,0,
9692,0,0,
9713,0,0,
9735,0,0,
9757,0,0,
9779,0,0,
9800,0,0,
9822,0,0,
9844,0,0,
9865,0,0,
9887,0,0,
9909,0,0,
9930,0,0,
9953,0,0,
9974,0,0,
9996,0,0,
10018,0,0,
10039,0,0,
10061,0,0,
10083,0,0,
10104,0,0,
10126,0,0,
10148,0,0,
10169,0,0,
10191,0,0,
10212,0,0,
10234,0,0,
10256,0,0,
10278,0,0,
10299,0,0,
10321,0,0,
10343,0,0,
10364,0,0,
10386,0,0,
10408,0,0,
10430,0,0,
10452,0,0,
10473,0,0,
10495,0,0,
10517,0,0,
10538,0,0,
10560,0,0,
10581,0,0,
10603,0,0,
10625,0,0,
10646,0,0,
10668,0,0,
10690,0,0,
10712,0,0,
10733,0,0,
10755,0,0,
10777,0,0,
10798,0,0,
10820,0,0,
10842,0,0,
10863,0,0,
10885,0,0,
10907,0,0,
10928,0,0,
10950,0,0,
10972,0,0,
10993,0,0,
11015,0,0,
11037,0,0,
11059,0,0,
11080,0,0,
11102,0,0,
11124,0,0,
11145,0,0,
11167,0,0,
11189,0,0,
11210,0,0,
11232,0,0,
11254,0,0,
11275,0,0,
11296,0,0,
11318,0,0,
11340,0,0,
11361,0,0,
11382,0,0,
11403,0,0,
11424,0,0,
11446,0,0,
11468,0,0,
11489,0,0,
11511,0,0,
11532,0,0,
11554,0,0,
11575,0,0,
11597,0,0,
11618,0,0,
11640,0,0,
11661,0,0,
11682,0,0,
11703,0,0,
11725,0,0,
11746,0,0,
11768,0,0,
11789,0,0,
11810,0,0,
11832,0,0,
11853,0,0,
11875,0,0,
11896,0,0,
11917,0,0,
11938,0,0,
11960,0,0,
11981,0,0,
12003,0,0,
12024,0,0,
12046,0,0,
12067,0,0,
12088,0,0,
12110,0,0,
12131,0,0,
12152,0,0,
12174,0,0,
12196,0,0,
12217,0,0,
12239,0,0,
12260,0,0,
12281,0,0,
12303,0,0,
12325,0,0,
12346,0,0,
12368,0,0,
12389,0,0,
27,0,0,
59,0,0,
91,0,0,
122,0,0,
178,0,0,
213,0,0,
244,0,0,
275,0,0,
307,0,0,
339,0,0,
371,0,0,
403,0,0,
435,0,0,
466,0,0,
498,0,0,
540,0,0,
576,0,0,
607,0,0,
638,0,0,
670,0,0,
701,0,0,
731,0,0,
762,0,0,
793,0,0,
825,0,0,
857,0,0,
889,0,0,
921,0,0,
951,0,0,
983,0,0,
1014,0,0,
1045,0,0,
1076,0,0,
1109,0,0,
1140,0,0,
1172,0,0,
1203,0,0,
1235,0,0,
1265,0,0,
1297,0,0,
1329,0,0,
1360,0,0,
1391,0,0,
1423,0,0,
1455,0,0,
1487,0,0,
1518,0,0,
1549,0,0,
1581,0,0,
1613,0,0,
1643,0,0,
1675,0,0,
1707,0,0,
1739,0,0,
1771,0,0,
1801,0,0,
1833,0,0,
1865,0,0,
1896,0,0,
1926,0,0,
1956,0,0,
1988,0,0,
2019,0,0,
2050,0,0,
2082,0,0,
2114,0,0,
2146,0,0,
2177,0,0,
2209,0,0,
2241,0,0,
2273,0,0,
2305,0,0,
2337,0,0,
2369,0,0,
2400,0,0,
2430,0,0,
2460,0,0,
2492,0,0,
2522,0,0,
2553,0,0,
2584,0,0,
2615,0,0,
2646,0,0,
2678,0,0,
2709,0,0,
2741,0,0,
2772,0,0,
2804,0,0,
2836,0,0,
2868,0,0,
2899,0,0,
2932,0,0,
2963,0,0,
2993,0,0,
3023,0,0,
3055,0,0,
3086,0,0,
3118,0,0,
3151,0,0,
3180,0,0,
3211,0,0,
3241,0,0,
3271,0,0,
3304,0,0,
22,0,0,
53,0,0,
84,0,0,
115,0,0,
146,0,0,
177,0,0,
207,0,0,
238,0,0,
268,0,0,
300,0,0,
330,0,0,
361,0,0,
392,0,0,
423,0,0,
455,0,0,
487,0,0,
519,0,0,
550,0,0,
580,0,0,
612,0,0,
643,0,0,
674,0,0,
705,0,0,
736,0,0,
768,0,0,
799,0,0,
830,0,0,
860,0,0,
892,0,0,
922,0,0,
953,0,0,
985,0,0,
1016,0,0,
1048,0,0,
1079,0,0,
1110,0,0,
1141,0,0,
1171,0,0,
1203,0,0,
1233,0,0,
1264,0,0,
1296,0,0,
1326,0,0,
1357,0,0,
1389,0,0,
1419,0,0,
1451,0,0,
1483,0,0,
1515,0,0,
1547,0,0,
1578,0,0,
1608,0,0,
1639,0,0,
1670,0,0,
1701,0,0,
1732,0,0,
1763,0,0,
1795,0,0,
1826,0,0,
1857,0,0,
1888,0,0,
1918,0,0,
1949,0,0,
1979,0,0,
2010,0,0,
2040,0,0,
2072,0,0,
2103,0,0,
2133,0,0,
2164,0,0,
2194,0,0,
2225,0,0,
2256,0,0,
2286,0,0,
2317,0,0,
2349,0,0,
2378,0,0,
2409,0,0,
2440,0,0,
2472,0,0,
2502,0,0,
2534,0,0,
2565,0,0,
2595,0,0,
2626,0,0,
2657,0,0,
2688,0,0,
2719,0,0,
2751,0,0,
2781,0,0,
2812,0,0,
2843,0,0,
2874,0,0,
2904,0,0,
2936,0,0,
2966,0,0,
2996,0,0,
3028,0,0,
3058,0,0,
3089,0,0,
3121,0,0,
3152,0,0,
3184,0,0,
3215,0,0,
3247,0,0,
3278,0,0,
3309,0,0,
3340,0,0,
3371,0,0,
3402,0,0,
3434,0,0,
3465,0,0,
3496,0,0,
3526,0,0,
3557,0,0,
3587,0,0,
3619,0,0,
3650,0,0,
3681,0,0,
3711,0,0,
3743,0,0,
3774,0,0,
3806,0,0,
3838,0,0,
3869,0,0,
3900,0,0,
3931,0,0,
3962,0,0,
3993,0,0,
4024,0,0,
4055,0,0,
4086,0,0,
4117,0,0,
4148,0,0,
4180,0,0,
4210,0,0,
4241,0,0,
4272,0,0,
4303,0,0,
4333,0,0,
4364,0,0,
4394,0,0,
4425,0,0,
4456,0,0,
4486,0,0,
4518,0,0,
4550,0,0,
4582,0,0,
4612,0,0,
4643,0,0,
4674,0,0,
4704,0,0,
4735,0,0,
4766,0,0,
4797,0,0,
4827,0,0,
4860,0,0,
4890,0,0,
4921,0,0,
4951,0,0,
4983,0,0,
5014,0,0,
5045,0,0,
5075,0,0,
5106,0,0,
5136,0,0,
5167,0,0,
5198,0,0,
5228,0,0,
5259,0,0,
5290,0,0,
5320,0,0,
5351,0,0,
5381,0,0,
5412,0,0,
5443,0,0,
5473,0,0,
5504,0,0,
5535,0,0,
5567,0,0,
5598,0,0,
5630,0,0,
5661,0,0,
5691,0,0,
5722,0,0,
5753,0,0,
5783,0,0,
5815,0,0,
5847,0,0,
5878,0,0,
5909,0,0,
5940,0,0,
5970,0,0,
6000,0,0,
6032,0,0,
6064,0,0,
6096,0,0,
6127,0,0,
6157,0,0,
6189,0,0,
6219,0,0,
6250,0,0,
6280,0,0,
6311,0,0,
6342,0,0,
6374,0,0,
6406,0,0,
6435,0,0,
6467,0,0,
6497,0,0,
6528,0,0,
6558,0,0,
6590,0,0,
6621,0,0,
6652,0,0,
6683,0,0,
6714,0,0,
6745,0,0,
6776,0,0,
6806,0,0,
6837,0,0,
6868,0,0,
6899,0,0,
6929,0,0,
6959,0,0,
6991,0,0,
7021,0,0,
7052,0,0,
7084,0,0,
7114,0,0,
7145,0,0,
7176,0,0,
7206,0,0,
7237,0,0,
7268,0,0,
7299,0,0,
7330,0,0,
7361,0,0,
7393,0,0,
7423,0,0,
7455,0,0,
7485,0,0,
7515,0,0,
7546,0,0,
7577,0,0,
7608,0,0,
7638,0,0,
7669,0,0,
7700,0,0,
7731,0,0,
7762,0,0,
7792,0,0,
7823,0,0,
7854,0,0,
7886,0,0,
7917,0,0,
7947,0,0,
7978,0,0,
8009,0,0,
8039,0,0,
8070,0,0,
8101,0,0,
8133,0,0,
8164,0,0,
8195,0,0,
8225,0,0,
8257,0,0,
8289,0,0,
8319,0,0,
8349,0,0,
8380,0,0,
8412,0,0,
8442,0,0,
8473,0,0,
8503,0,0,
8534,0,0,
8564,0,0,
8595,0,0,
8626,0,0,
8658,0,0,
8689,0,0,
8720,0,0,
8750,0,0,
8782,0,0,
8812,0,0,
8843,0,0,
8874,0,0,
8905,0,0,
8937,0,0,
8968,0,0,
9000,0,0,
9030,0,0,
9062,0,0,
9093,0,0,
9125,0,0,
9157,0,0,
9187,0,0,
9218,0,0,
9251,0,0,
9282,0,0,
9313,0,0,
9344,0,0,
9375,0,0,
9405,0,0,
9436,0,0,
9467,0,0,
9498,0,0,
9530,0,0,
9561,0,0,
9592,0,0,
9623,0,0,
9654,0,0,
9685,0,0,
9716,0,0,
9747,0,0,
9778,0,0,
9808,0,0,
9839,0,0,
9870,0,0,
9900,0,0,
9931,0,0,
9962,0,0,
9992,0,0,
10024,0,0,
10055,0,0,
10087,0,0,
10117,0,0,
10149,0,0,
10181,0,0,
10212,0,0,
10243,0,0,
10274,0,0,
10304,0,0,
10334,0,0,
10364,0,0,
10395,0,0,
10426,0,0,
10456,0,0,
10488,0,0,
10518,0,0,
10548,0,0,
10579,0,0,
10611,0,0,
10642,0,0,
10674,0,0,
10705,0,0,
10735,0,0,
10766,0,0,
10797,0,0,
10828,0,0,
10859,0,0,
10889,0,0,
10920,0,0,
10952,0,0,
10983,0,0,
11015,0,0,
11046,0,0,
11077,0,0,
11108,0,0,
11138,0,0,
11169,0,0,
11199,0,0,
11231,0,0,
11263,0,0,
11295,0,0,
11326,0,0,
11356,0,0,
11386,0,0,
11418,0,0,
11449,0,0,
11481,0,0,
11513,0,0,
11544,0,0,
11574,0,0,
11604,0,0,
11636,0,0,
11667,0,0,
11698,0,0,
11728,0,0,
11759,0,0,
11790,0,0,
11821,0,0,
11853,0,0,
11884,0,0,
11915,0,0,
11945,0,0,
11976,0,0,
12007,0,0,
12037,0,0,
12068,0,0,
12098,0,0,
12129,0,0,
12159,0,0,
12191,0,0,
12221,0,0,
12253,0,0,
12283,0,0,
12315,0,0,
12346,0,0,
12377,0,0,
12408,0,0,
12440,0,0,
12471,0,0,
12502,0,0,
12533,0,0,
12563,0,0,
12595,0,0,
12626,0,0,
12657,0,0,
12688,0,0,
12719,0,0,
12749,0,0,
12779,0,0,
12810,0,0,
12841,0,0,
12871,0,0,
12902,0,0,
12933,0,0,
12964,0,0,
12995,0,0,
13026,0,0,
13057,0,0,
13087,0,0,
13119,0,0,
13150,0,0,
13181,0,0,
13211,0,0,
13243,0,0,
13274,0,0,
13306,0,0,
13337,0,0,
13368,0,0,
13399,0,0,
13430,0,0,
13461,0,0,
13493,0,0,
13525,0,0,
13556,0,0,
13587,0,0,
13617,0,0,
13649,0,0,
13681,0,0,
13712,0,0,
13742,0,0,
13774,0,0,
13806,0,0,
13836,0,0,
13868,0,0,
13899,0,0,
13929,0,0,
13960,0,0,
13991,0,0,
14021,0,0,
14053,0,0,
33,0,0,
63,0,0,
94,0,0,
125,0,0,
156,0,0,
186,0,0,
218,0,0,
249,0,0,
280,0,0,
310,0,0,
341,0,0,
373,0,0,
404,0,0,
435,0,0,
467,0,0,
498,0,0,
529,0,0,
560,0,0,
590,0,0,
621,0,0,
651,0,0,
683,0,0,
714,0,0,
746,0,0,
777,0,0,
808,0,0,
838,0,0,
869,0,0,
901,0,0,
932,0,0,
963,0,0,
993,0,0,
1025,0,0,
1057,0,0,
1087,0,0,
1118,0,0,
1149,0,0,
1181,0,0,
1212,0,0,
1243,0,0,
1275,0,0,
1306,0,0,
1336,0,0,
1367,0,0,
1398,0,0,
1429,0,0,
1460,0,0,
1492,0,0,
1522,0,0,
1553,0,0,
1583,0,0,
1614,0,0,
1644,0,0,
1676,0,0,
1706,0,0,
1737,0,0,
1768,0,0,
1800,0,0,
1832,0,0,
1863,0,0,
1893,0,0,
1925,0,0,
1957,0,0,
1987,0,0,
2019,0,0,
2049,0,0,
2079,0,0,
2111,0,0,
2141,0,0,
2172,0,0,
2203,0,0,
2233,0,0,
2265,0,0,
2296,0,0,
2327,0,0,
2357,0,0,
2387,0,0,
2419,0,0,
2450,0,0,
2480,0,0,
2512,0,0,
2543,0,0,
2575,0,0,
2606,0,0,
2636,0,0,
2667,0,0,
2699,0,0,
2730,0,0,
2761,0,0,
2791,0,0,
2821,0,0,
2852,0,0,
2883,0,0,
2913,0,0,
2944,0,0,
2975,0,0,
3005,0,0,
3036,0,0,
3067,0,0,
3098,0,0,
3129,0,0,
3162,0,0,
3192,0,0,
3223,0,0,
33,0,0,0,0,
63,0,0,0,0,
95,0,0,0,0,
126,0,0,0,0,
158,0,0,0,0,
190,0,0,0,0,
220,0,0,0,0,
251,0,0,0,0,
282,0,0,0,0,
312,0,0,0,0,
342,0,0,0,0,
372,0,0,0,0,
404,0,0,0,0,
435,0,0,0,0,
465,0,0,0,0,
497,0,0,0,0,
527,0,0,0,0,
558,0,0,0,0,
589,0,0,0,0,
620,0,0,0,0,
652,0,0,0,0,
684,0,0,0,0,
715,0,0,0,0,
746,0,0,0,0,
777,0,0,0,0,
809,0,0,0,0,
838,0,0,0,0,
870,0,0,0,0,
901,0,0,0,0,
931,0,0,0,0,
963,0,0,0,0,
994,0,0,0,0,
1026,0,0,0,0,
1056,0,0,0,0,
1087,0,0,0,0,
1119,0,0,0,0,
1151,0,0,0,0,
1183,0,0,0,0,
1214,0,0,0,0,
1245,0,0,0,0,
1277,0,0,0,0,
1308,0,0,0,0,
1339,0,0,0,0,
1370,0,0,0,0,
1400,0,0,0,0,
1431,0,0,0,0,
1463,0,0,0,0,
1493,0,0,0,0,
1525,0,0,0,0,
1555,0,0,0,0,
1586,0,0,0,0,
1617,0,0,0,0,
1649,0,0,0,0,
1680,0,0,0,0,
1710,0,0,0,0,
1741,0,0,0,0,
1772,0,0,0,0,
1804,0,0,0,0,
1836,0,0,0,0,
1866,0,0,0,0,
1897,0,0,0,0,
1928,0,0,0,0,
1959,0,0,0,0,
1990,0,0,0,0,
2021,0,0,0,0,
2052,0,0,0,0,
2082,0,0,0,0,
2113,0,0,0,0,
2144,0,0,0,0,
2176,0,0,0,0,
2206,0,0,0,0,
2237,0,0,0,0,
2268,0,0,0,0,
2300,0,0,0,0,
2332,0,0,0,0,
2363,0,0,0,0,
2394,0,0,0,0,
2424,0,0,0,0,
2455,0,0,0,0,
2486,0,0,0,0,
2517,0,0,0,0,
2547,0,0,0,0,
2578,0,0,0,0,
2608,0,0,0,0,
2639,0,0,0,0,
2669,0,0,0,0,
2700,0,0,0,0,
2732,0,0,0,0,
2764,0,0,0,0,
2795,0,0,0,0,
2827,0,0,0,0,
2858,0,0,0,0,
2889,0,0,0,0,
2919,0,0,0,0,
2950,0,0,0,0,
2981,0,0,0,0,
3011,0,0,0,0,
3042,0,0,0,0,
23,0,0,
54,0,0,
85,0,0,
116,0,0,
147,0,0,
179,0,0,
210,0,0,
242,0,0,
273,0,0,
305,0,0,
336,0,0,
366,0,0,
398,0,0,
429,0,0,
460,0,0,
491,0,0,
521,0,0,
552,0,0,
583,0,0,
614,0,0,
644,0,0,
676,0,0,
707,0,0,
738,0,0,
770,0,0,
800,0,0,
831,0,0,
862,0,0,
893,0,0,
925,0,0,
955,0,0,
986,0,0,
1017,0,0,
1049,0,0,
1081,0,0,
1112,0,0,
1144,0,0,
1175,0,0,
1206,0,0,
1237,0,0,
1268,0,0,
1300,0,0,
1331,0,0,
1362,0,0,
1393,0,0,
1424,0,0,
1456,0,0,
1486,0,0,
1517,0,0,
1549,0,0,
1580,0,0,
1610,0,0,
1641,0,0,
1672,0,0,
1704,0,0,
1734,0,0,
1766,0,0,
1796,0,0,
1827,0,0,
1858,0,0,
1889,0,0,
1920,0,0,
1951,0,0,
1981,0,0,
2012,0,0,
2043,0,0,
2073,0,0,
2104,0,0,
2134,0,0,
2165,0,0,
2196,0,0,
2226,0,0,
2258,0,0,
2289,0,0,
2319,0,0,
2350,0,0,
2381,0,0,
2412,0,0,
2442,0,0,
2473,0,0,
2505,0,0,
2535,0,0,
2567,0,0,
2599,0,0,
2630,0,0,
2661,0,0,
2692,0,0,
2724,0,0,
2755,0,0,
2786,0,0,
2816,0,0,
2848,0,0,
2878,0,0,
2909,0,0,
2940,0,0,
2970,0,0,
3001,0,0,
3032,0,0,
3063,0,0,
3095,0,0,
3125,0,0,
3155,0,0,
3187,0,0,
3219,0,0,
32,0,0,0,0,
65,0,0,0,0,
97,0,0,0,0,
129,0,0,0,0,
160,0,0,0,0,
192,0,0,0,0,
222,0,0,0,0,
253,0,0,0,0,
283,0,0,0,0,
315,0,0,0,0,
346,0,0,0,0,
377,0,0,0,0,
408,0,0,0,0,
439,0,0,0,0,
471,0,0,0,0,
502,0,0,0,0,
534,0,0,0,0,
564,0,0,0,0,
596,0,0,0,0,
627,0,0,0,0,
657,0,0,0,0,
689,0,0,0,0,
720,0,0,0,0,
753,0,0,0,0,
783,0,0,0,0,
815,0,0,0,0,
846,0,0,0,0,
877,0,0,0,0,
907,0,0,0,0,
939,0,0,0,0,
970,0,0,0,0,
1002,0,0,0,0,
1034,0,0,0,0,
1065,0,0,0,0,
1095,0,0,0,0,
1126,0,0,0,0,
1157,0,0,0,0,
1187,0,0,0,0,
1218,0,0,0,0,
1250,0,0,0,0,
1281,0,0,0,0,
1311,0,0,0,0,
1343,0,0,0,0,
1374,0,0,0,0,
1405,0,0,0,0,
1435,0,0,0,0,
1466,0,0,0,0,
1497,0,0,0,0,
1528,0,0,0,0,
1558,0,0,0,0,
1589,0,0,0,0,
1619,0,0,0,0,
1651,0,0,0,0,
1683,0,0,0,0,
1713,0,0,0,0,
1744,0,0,0,0,
1774,0,0,0,0,
1805,0,0,0,0,
1837,0,0,0,0,
1869,0,0,0,0,
1899,0,0,0,0,
1931,0,0,0,0,
1962,0,0,0,0,
1993,0,0,0,0,
2025,0,0,0,0,
2056,0,0,0,0,
2087,0,0,0,0,
2118,0,0,0,0,
2149,0,0,0,0,
2180,0,0,0,0,
2212,0,0,0,0,
2243,0,0,0,0,
2275,0,0,0,0,
2305,0,0,0,0,
2337,0,0,0,0,
2367,0,0,0,0,
2399,0,0,0,0,
2430,0,0,0,0,
2461,0,0,0,0,
2492,0,0,0,0,
2523,0,0,0,0,
2554,0,0,0,0,
2585,0,0,0,0,
2615,0,0,0,0,
2646,0,0,0,0,
2677,0,0,0,0,
2707,0,0,0,0,
2738,0,0,0,0,
2769,0,0,0,0,
2800,0,0,0,0,
2831,0,0,0,0,
2862,0,0,0,0,
2892,0,0,0,0,
2922,0,0,0,0,
2954,0,0,0,0,
2985,0,0,0,0,
3016,0,0,0,0,
3047,0,0,0,0,
3078,0,0,0,0,
3109,0,0,0,0,
3139,0,0,0,0,
3169,0,0,0,0,
3201,0,0,0,0,
3232,0,0,0,0,
34,0,0,0,0,
66,0,0,0,0,
98,0,0,0,0,
130,0,0,0,0,
160,0,0,0,0,
192,0,0,0,0,
223,0,0,0,0,
254,0,0,0,0,
284,0,0,0,0,
316,0,0,0,0,
347,0,0,0,0,
379,0,0,0,0,
409,0,0,0,0,
440,0,0,0,0,
470,0,0,0,0,
501,0,0,0,0,
533,0,0,0,0,
564,0,0,0,0,
595,0,0,0,0,
625,0,0,0,0,
657,0,0,0,0,
688,0,0,0,0,
720,0,0,0,0,
751,0,0,0,0,
782,0,0,0,0,
814,0,0,0,0,
846,0,0,0,0,
877,0,0,0,0,
908,0,0,0,0,
938,0,0,0,0,
970,0,0,0,0,
1002,0,0,0,0,
1033,0,0,0,0,
1064,0,0,0,0,
1095,0,0,0,0,
1126,0,0,0,0,
1157,0,0,0,0,
1189,0,0,0,0,
1220,0,0,0,0,
1250,0,0,0,0,
1281,0,0,0,0,
1312,0,0,0,0,
1342,0,0,0,0,
1373,0,0,0,0,
1404,0,0,0,0,
1436,0,0,0,0,
1467,0,0,0,0,
1497,0,0,0,0,
1528,0,0,0,0,
1559,0,0,0,0,
1590,0,0,0,0,
1620,0,0,0,0,
1651,0,0,0,0,
1683,0,0,0,0,
1713,0,0,0,0,
1744,0,0,0,0,
1776,0,0,0,0,
1807,0,0,0,0,
1837,0,0,0,0,
1868,0,0,0,0,
1900,0,0,0,0,
1931,0,0,0,0,
1962,0,0,0,0,
1994,0,0,0,0,
2024,0,0,0,0,
2055,0,0,0,0,
2086,0,0,0,0,
2116,0,0,0,0,
2147,0,0,0,0,
2178,0,0,0,0,
2210,0,0,0,0,
2241,0,0,0,0,
2272,0,0,0,0,
2303,0,0,0,0,
2334,0,0,0,0,
2365,0,0,0,0,
2396,0,0,0,0,
2427,0,0,0,0,
2458,0,0,0,0,
2489,0,0,0,0,
2520,0,0,0,0,
2551,0,0,0,0,
2582,0,0,0,0,
2613,0,0,0,0,
2643,0,0,0,0,
2674,0,0,0,0,
2705,0,0,0,0,
2735,0,0,0,0,
2766,0,0,0,0,
2796,0,0,0,0,
2828,0,0,0,0,
2858,0,0,0,0,
2889,0,0,0,0,
2920,0,0,0,0,
2951,0,0,0,0,
2982,0,0,0,0,
3013,0,0,0,0,
3044,0,0,0,0,
3075,0,0,0,0,
3107,0,0,0,0,
3137,0,0,0,0,
3169,0,0,0,0,
35,0,0,
67,0,0,
99,0,0,
131,0,0,
162,0,0,
194,0,0,
225,0,0,
255,0,0,
286,0,0,
317,0,0,
348,0,0,
380,0,0,
411,0,0,
442,0,0,
473,0,0,
505,0,0,
535,0,0,
566,0,0,
597,0,0,
628,0,0,
659,0,0,
690,0,0,
721,0,0,
752,0,0,
782,0,0,
813,0,0,
843,0,0,
874,0,0,
904,0,0,
935,0,0,
967,0,0,
999,0,0,
1031,0,0,
1062,0,0,
1093,0,0,
1123,0,0,
1154,0,0,
1185,0,0,
1215,0,0,
1247,0,0,
1277,0,0,
1309,0,0,
1340,0,0,
1371,0,0,
1401,0,0,
1432,0,0,
1463,0,0,
1494,0,0,
1525,0,0,
1556,0,0,
1586,0,0,
1617,0,0,
1648,0,0,
1678,0,0,
1708,0,0,
1739,0,0,
1771,0,0,
1802,0,0,
1833,0,0,
1865,0,0,
1895,0,0,
1925,0,0,
1957,0,0,
1987,0,0,
2019,0,0,
2049,0,0,
2080,0,0,
2111,0,0,
2141,0,0,
2172,0,0,
2202,0,0,
2234,0,0,
2265,0,0,
2296,0,0,
2326,0,0,
2357,0,0,
2388,0,0,
2419,0,0,
2450,0,0,
2481,0,0,
2511,0,0,
2543,0,0,
2575,0,0,
2606,0,0,
2637,0,0,
2669,0,0,
2700,0,0,
2731,0,0,
2762,0,0,
2794,0,0,
2825,0,0,
2857,0,0,
2887,0,0,
2917,0,0,
2948,0,0,
2979,0,0,
3011,0,0,
3041,0,0,
3072,0,0,
3103,0,0,
3134,0,1,
3165,0,0,
3196,0,0,
3227,0,0,
3259,1,0,
3290,0,0,
3322,1,0,
3354,0,0,
3384,0,0,
3415,1,0,
3447,0,0,
35,0,0,
67,0,0,
99,0,0,
130,0,0,
161,0,0,
192,0,0,
223,0,0,
253,0,0,
285,0,0,
317,0,0,
347,0,0,
378,0,0,
409,0,0,
440,0,0,
470,0,0,
501,0,0,
532,0,0,
563,0,0,
594,0,0,
624,0,0,
655,0,0,
687,0,0,
718,0,0,
749,0,0,
780,0,0,
810,0,0,
841,0,0,
871,0,0,
902,0,0,
933,0,0,
964,0,0,
996,0,0,
1028,0,0,
1059,0,0,
1089,0,0,
1121,0,0,
1152,0,0,
1183,0,0,
1214,0,0,
1245,0,0,
1277,0,0,
1306,0,0,
1338,0,0,
1368,0,0,
1400,0,0,
1430,0,0,
1461,0,0,
1492,0,0,
1524,0,0,
1554,0,0,
1585,0,0,
1617,0,0,
1648,0,0,
1679,0,0,
1710,0,0,
1741,0,0,
1771,0,0,
1802,0,0,
1834,0,0,
1865,0,0,
1897,0,0,
1928,0,0,
1960,0,0,
1990,0,0,
2021,0,0,
2052,0,0,
2083,0,0,
2114,0,0,
2145,0,0,
2177,0,0,
2208,0,0,
2239,0,0,
2270,0,0,
2301,0,0,
2332,0,0,
2363,0,0,
2393,0,0,
2424,0,0,
2456,0,0,
2486,0,0,
2517,0,0,
2548,0,0,
2579,0,0,
2611,0,0,
2641,0,0,
2672,0,0,
2703,0,0,
2734,0,0,
2764,0,0,
2795,0,0,
2827,0,0,
2858,0,0,
2889,0,0,
2920,0,0,
2952,0,0,
2983,0,0,
3014,0,0,
3044,0,0,
3075,0,0,
3106,0,0,
3138,0,0,
3170,0,0,
22,0,0,
54,0,0,
86,0,0,
118,0,0,
150,0,0,
181,0,0,
213,0,0,
244,0,0,
275,0,0,
307,0,0,
338,0,0,
369,0,0,
400,0,0,
431,0,0,
462,0,0,
494,0,0,
524,0,0,
555,0,0,
586,0,0,
617,0,0,
647,0,0,
678,0,0,
709,0,0,
741,0,0,
772,0,0,
803,0,0,
835,0,0,
866,0,0,
897,0,0,
929,0,0,
959,0,0,
990,0,0,
1020,0,0,
1052,0,0,
1083,0,0,
1113,0,0,
1144,0,0,
1175,0,0,
1207,0,0,
1238,0,0,
1270,0,0,
1301,0,0,
1331,0,0,
1363,0,0,
1394,0,0,
1424,0,0,
1454,0,0,
1486,0,0,
1517,0,0,
1549,0,0,
1580,0,0,
1610,0,0,
1641,0,0,
1672,0,0,
1702,0,0,
1734,0,0,
1764,0,0,
1796,0,0,
1827,0,0,
1858,0,0,
1889,0,0,
1920,0,0,
1950,0,0,
1983,0,0,
2014,0,0,
2046,0,0,
2077,0,0,
2109,0,0,
2140,0,0,
2171,0,0,
2202,0,0,
2233,0,0,
2264,0,0,
2295,0,0,
2325,0,0,
2356,0,0,
2388,0,0,
2418,0,0,
2449,0,0,
2480,0,0,
2511,0,0,
2542,0,0,
2573,0,0,
2604,0,0,
2634,0,0,
2665,0,0,
2695,0,0,
2726,0,0,
2756,0,0,
2788,0,0,
2819,0,0,
2850,0,0,
2882,0,0,
2911,0,0,
2943,0,0,
2974,0,0,
3005,0,0,
3037,0,0,
3068,0,0,
3099,0,0,
3131,0,0,
3161,0,0,
3193,0,0,
3224,0,0,
3255,0,0,
3286,0,0,
3317,0,0,
3348,0,0,
3379,0,0,
3409,0,0,
3441,0,0,
3472,0,0,
3502,0,0,
3533,0,0,
3563,0,0,
3595,0,0,
3626,0,0,
3656,0,0,
3687,0,0,
3718,0,0,
3749,0,0,
3780,0,0,
3812,0,0,
3844,0,0,
3874,0,0,
3905,0,0,
3937,0,0,
3967,0,0,
3998,0,0,
4029,0,0,
4060,0,0,
4090,0,0,
4122,0,0,
4153,0,0,
4184,0,0,
4215,0,0,
4246,0,0,
4277,0,0,
4308,0,0,
4340,0,0,
4371,0,0,
4401,0,0,
4431,0,0,
4463,0,0,
4493,0,0,
4524,0,0,
4555,0,0,
4586,0,0,
4617,0,0,
4648,0,0,
4679,0,0,
4710,0,0,
4740,0,0,
4772,0,0,
4803,0,0,
4834,0,0,
4865,0,0,
4896,0,0,
4928,0,0,
4959,0,0,
4990,0,0,
5021,0,0,
5051,0,0,
5082,0,0,
5113,0,0,
5143,0,0,
5173,0,0,
5204,0,0,
5234,0,0,
5266,0,0,
5297,0,0,
5328,0,0,
5359,0,0,
5390,0,0,
5421,0,0,
5451,0,0,
5482,0,0,
5512,0,0,
5544,0,0,
5575,0,0,
5606,0,0,
5637,0,0,
5667,0,0,
5697,0,0,
5729,0,0,
5760,0,0,
5791,0,0,
5821,0,0,
5852,0,0,
5883,0,0,
5913,0,0,
5944,0,0,
5974,0,0,
6006,0,0,
6037,0,0,
6067,0,0,
6099,0,0,
6130,0,0,
6162,0,0,
6193,0,0,
6223,0,0,
6254,0,0,
6285,0,0,
6316,0,0,
6347,0,0,
6378,0,0,
6409,0,0,
6441,0,0,
6471,0,0,
6503,0,0,
6534,0,0,
6565,0,0,
6597,0,0,
6628,0,0,
6659,0,0,
6691,0,0,
6720,0,0,
6751,0,0,
6783,0,0,
6813,0,0,
6845,0,0,
6876,0,0,
6907,0,0,
6939,0,0,
6970,0,0,
7001,0,0,
7032,0,0,
7062,0,0,
7093,0,0,
7124,0,0,
7154,0,0,
7185,0,0,
7215,0,0,
7245,0,0,
7276,0,0,
7308,0,0,
7339,0,0,
7371,0,0,
7401,0,0,
7433,0,0,
7464,0,0,
7496,0,0,
7528,0,0,
7559,0,0,
7590,0,0,
7622,0,0,
7653,0,0,
7683,0,0,
7714,0,0,
7746,0,0,
7776,0,0,
7806,0,0,
7837,0,0,
7868,0,0,
7898,0,0,
7929,0,0,
7960,0,0,
7991,0,0,
8023,0,0,
8055,0,0,
8085,0,0,
8116,0,0,
8147,0,0,
8177,0,0,
8208,0,0,
8239,0,0,
8270,0,0,
8301,0,0,
8332,0,0,
8363,0,0,
8394,0,0,
8426,0,0,
8458,0,0,
8489,0,0,
8519,0,0,
8551,0,0,
8583,0,0,
8614,0,0,
8644,0,0,
8676,0,0,
8706,0,0,
8737,0,0,
8768,0,0,
8799,0,0,
8830,0,0,
8861,0,0,
8892,0,0,
8923,0,0,
8954,0,0,
8984,0,0,
9016,0,0,
9047,0,0,
9079,0,0,
9110,0,0,
9141,0,0,
9172,0,0,
9203,0,0,
9233,0,0,
9264,0,0,
9295,0,0,
9327,0,0,
9358,0,0,
9388,0,0,
9420,0,0,
9450,0,0,
9482,0,0,
9513,0,0,
9543,0,0,
9575,0,0,
9605,0,0,
9636,0,0,
9666,0,0,
9697,0,0,
9729,0,0,
9760,0,0,
9791,0,0,
9822,0,0,
9852,0,0,
9883,0,0,
9914,0,0,
9945,0,0,
9976,0,0,
10007,0,0,
10038,0,0,
10069,0,0,
10099,0,0,
10131,0,0,
10162,0,0,
10193,0,0,
10224,0,0,
10255,0,0,
10285,0,0,
10316,0,0,
10347,0,0,
10378,0,0,
10408,0,0,
10440,0,0,
10471,0,0,
10503,0,0,
10534,0,0,
10565,0,0,
10596,0,0,
10627,0,0,
10658,0,0,
10688,0,0,
10719,0,0,
10750,0,0,
10780,0,0,
10812,0,0,
10843,0,0,
10873,0,0,
10904,0,0,
10935,0,0,
10966,0,0,
10997,0,0,
11029,0,0,
11060,0,0,
11090,0,0,
11121,0,0,
11152,0,0,
11183,0,0,
11214,0,0,
11246,0,0,
11277,0,0,
11308,0,0,
11339,0,0,
11369,0,0,
11399,0,0,
11431,0,0,
11462,0,0,
11492,0,0,
11524,0,0,
11554,0,0,
11585,0,0,
11616,0,0,
11646,0,0,
11677,0,0,
11708,0,0,
11739,0,0,
11770,0,0,
11801,0,0,
11831,0,0,
11861,0,0,
11892,0,0,
11923,0,0,
11953,0,0,
11985,0,0,
12017,0,0,
12048,0,0,
12080,0,0,
12112,0,0,
12142,0,0,
12173,0,0,
12204,0,0,
12236,0,0,
12267,0,0,
12299,0,0,
12329,0,0,
12359,0,0,
12390,0,0,
12421,0,0,
12452,0,0,
12483,0,0,
12513,0,0,
12544,0,0,
12574,0,0,
12605,0,0,
12636,0,0,
12667,0,0,
12697,0,0,
12728,0,0,
12759,0,0,
12789,0,0,
12820,0,0,
12851,0,0,
12882,0,0,
12912,0,0,
12944,0,0,
12975,0,0,
13006,0,0,
13038,0,0,
13070,0,0,
13101,0,0,
13131,0,0,
13162,0,0,
13192,0,0,
13223,0,0,
13253,0,0,
13284,0,0,
13315,0,0,
13346,0,0,
13377,0,0,
13407,0,0,
13438,0,0,
13469,0,0,
13500,0,0,
13532,0,0,
13563,0,0,
13593,0,0,
13624,0,0,
13656,0,0,
13687,0,0,
13717,0,0,
13749,0,0,
13781,0,0,
13812,0,0,
13843,0,0,
13873,0,0,
13905,0,0,
13936,0,0,
13967,0,0,
13997,0,0,
14029,0,0,
14060,0,0,
21,0,0,
53,0,0,
84,0,0,
115,0,0,
145,0,0,
175,0,0,
207,0,0,
239,0,0,
270,0,0,
301,0,0,
332,0,0,
363,0,0,
394,0,0,
425,0,0,
455,0,0,
486,0,0,
517,0,0,
549,0,0,
580,0,0,
611,0,0,
642,0,0,
674,0,0,
705,0,0,
736,0,0,
768,0,0,
798,0,0,
830,0,0,
860,0,0,
891,0,0,
922,0,0,
953,0,0,
983,0,0,
1015,0,0,
1047,0,0,
1078,0,0,
1109,0,0,
1139,0,0,
1171,0,0,
1201,0,0,
1232,0,0,
1263,0,0,
1294,0,0,
1326,0,0,
1357,0,0,
1388,0,0,
1419,0,0,
1450,0,0,
1481,0,0,
1512,0,0,
1543,0,0,
1574,0,0,
1605,0,0,
1636,0,0,
1667,0,0,
1698,0,0,
1730,0,0,
1760,0,0,
1792,0,0,
1823,0,0,
1854,0,0,
1885,0,0,
1916,0,0,
1948,0,0,
1978,0,0,
2010,0,0,
2041,0,0,
2072,0,0,
2103,0,0,
2133,0,0,
2164,0,0,
2195,0,0,
2225,0,0,
2257,0,0,
2288,0,0,
2319,0,0,
2350,0,0,
2380,0,0,
2411,0,0,
2442,0,0,
2473,0,0,
2504,0,0,
2535,0,0,
2565,0,0,
2596,0,0,
2626,0,0,
2657,0,0,
2688,0,0,
2718,0,0,
2749,0,0,
2779,0,0,
2811,0,0,
2842,0,0,
2874,0,0,
2906,0,0,
2936,0,0,
2966,0,0,
2998,0,0,
3029,0,0,
3060,0,0,
3091,0,0,
3123,0,2,
3164,1,0,
3186,1,0,
3217,0,2,
3247,0,0,
3278,0,0,
3310,0,1,
3340,0,1,
3371,0,0,
3402,0,0,
3432,0,0,
3464,0,0,
3496,0,0,
20,0,0,
52,0,0,
83,0,0,
115,0,0,
146,0,0,
177,0,0,
208,0,0,
240,0,0,
272,0,0,
304,0,0,
336,0,0,
367,0,0,
397,0,0,
429,0,0,
459,0,0,
491,0,0,
521,0,0,
552,0,0,
582,0,0,
613,0,0,
643,0,0,
674,0,0,
705,0,0,
736,0,0,
767,0,0,
799,0,0,
830,0,0,
860,0,0,
891,0,0,
921,0,0,
953,0,0,
983,0,0,
1015,0,0,
1047,0,0,
1078,0,0,
1108,0,0,
1139,0,0,
1171,0,0,
1203,0,0,
1233,0,0,
1264,0,0,
1295,0,0,
1326,0,0,
1357,0,0,
1387,0,0,
1419,0,0,
1449,0,0,
1481,0,0,
1513,0,0,
1543,0,0,
1573,0,0,
1604,0,0,
1635,0,0,
1665,0,0,
1697,0,0,
1728,0,0,
1759,0,0,
1790,0,0,
1821,0,0,
1852,0,0,
1884,0,0,
1915,0,0,
1947,0,0,
1977,0,0,
2007,0,0,
2038,0,0,
2070,0,0,
2100,0,0,
2131,0,0,
2161,0,0,
2192,0,0,
2223,0,0,
2254,0,0,
2284,0,0,
2315,0,0,
2346,0,0,
2376,0,0,
2408,0,0,
2440,0,0,
2471,0,0,
2501,0,0,
2533,0,0,
2564,0,0,
2595,0,0,
2625,0,0,
2657,0,0,
2688,0,0,
2719,0,0,
2750,0,0,
2780,0,0,
2811,0,0,
2842,0,0,
2873,0,0,
2903,0,0,
2935,0,0,
2965,0,0,
2997,0,0,
3028,0,0,
3058,0,0,
3089,0,0,
3120,0,0,
3151,1,0,
3182,1,0,
3213,1,0,
3245,1,1,
3276,0,0,
3308,0,0,
3339,0,0,
3370,0,0,
3400,1,0,
3431,1,0,
25,0,0,
57,0,0,
89,0,0,
121,0,0,
153,0,0,
185,0,0,
216,0,0,
246,0,0,
277,0,0,
308,0,0,
338,0,0,
369,0,0,
400,0,0,
431,0,0,
463,0,0,
493,0,0,
524,0,0,
555,0,0,
586,0,0,
618,0,0,
649,0,0,
680,0,0,
710,0,0,
741,0,0,
772,0,0,
802,0,0,
833,0,0,
863,0,0,
894,0,0,
925,0,0,
956,0,0,
987,0,0,
1017,0,0,
1048,0,0,
1079,0,0,
1111,0,0,
1142,0,0,
1174,0,0,
1206,0,0,
1236,0,0,
1267,0,0,
1298,0,0,
1330,0,0,
1361,0,0,
1393,0,0,
1424,0,0,
1455,0,0,
1486,0,0,
1517,0,0,
1547,0,0,
1578,0,0,
1609,0,0,
1640,0,0,
1671,0,0,
1702,0,0,
1733,0,0,
1764,0,0,
1795,0,0,
1827,0,0,
1857,0,0,
1888,0,0,
1919,0,0,
1950,0,0,
1980,0,0,
2012,0,0,
2044,0,0,
2074,0,0,
2105,0,0,
2136,0,0,
2166,0,0,
2198,0,0,
2229,0,0,
2260,0,0,
2291,0,0,
2323,0,0,
2354,0,0,
2385,0,0,
2416,0,0,
2447,0,0,
2478,0,0,
2509,0,0,
2539,0,0,
2571,0,0,
2602,0,0,
2632,0,0,
2664,0,0,
2695,0,0,
2726,0,0,
2757,0,0,
2787,0,0,
2819,0,0,
2850,0,0,
2881,0,0,
2912,0,0,
2943,0,0,
2974,0,0,
3005,0,0,
3036,0,0,
3067,0,0,
3097,0,0,
3129,0,0,
3161,0,2,
3193,0,1,
3224,0,0,
3255,2,2,
3285,2,1,
3316,0,0,
3347,0,0,
3379,0,1,
3411,0,0,
3441,0,0,
27,0,0,
59,0,0,
90,0,0,
121,0,0,
152,0,0,
182,0,0,
213,0,0,
245,0,0,
276,0,0,
307,0,0,
338,0,0,
369,0,0,
400,0,0,
431,0,0,
462,0,0,
493,0,0,
523,0,0,
553,0,0,
585,0,0,
616,0,0,
647,0,0,
678,0,0,
709,0,0,
739,0,0,
771,0,0,
802,0,0,
834,0,0,
865,0,0,
895,0,0,
927,0,0,
959,0,0,
990,0,0,
1020,0,0,
1052,0,0,
1082,0,0,
1113,0,0,
1145,0,0,
1175,0,0,
1207,0,0,
1237,0,0,
1268,0,0,
1300,0,0,
1331,0,0,
1361,0,0,
1392,0,0,
1424,0,0,
1455,0,0,
1486,0,0,
1517,0,0,
1548,0,0,
1580,0,0,
1610,0,0,
1642,0,0,
1673,0,0,
1704,0,0,
1734,0,0,
1766,0,0,
1798,0,0,
1829,0,0,
1860,0,0,
1891,0,0,
1921,0,0,
1951,0,0,
1981,0,0,
2013,0,0,
2044,0,0,
2075,0,0,
2107,0,0,
2137,0,0,
2168,0,0,
2199,0,0,
2230,0,0,
2261,0,0,
2292,0,0,
2323,0,0,
2353,0,0,
2385,0,0,
2417,0,0,
2448,0,0,
2479,0,0,
2510,0,0,
2541,0,0,
2571,0,0,
2602,0,0,
2634,0,0,
2666,0,0,
2697,0,0,
2728,0,0,
2759,0,0,
2791,0,0,
2821,0,0,
2853,0,0,
2883,0,0,
2913,0,0,
2943,0,0,
2975,0,0,
3006,0,0,
3037,0,0,
3069,0,0,
3101,0,0,
3131,0,0,
3163,0,0,
3195,0,0,
3227,0,0,
3259,0,0,
3290,0,0,
3322,0,0,
3353,0,0,
3384,0,0,
3416,0,0,
3447,0,0,
3477,0,0,
33,0,0,0,0,
65,0,0,0,0,
97,0,0,0,0,
128,0,0,0,0,
160,0,0,0,0,
192,0,0,0,0,
223,0,0,0,0,
255,0,0,0,0,
287,0,0,0,0,
319,0,0,0,0,
351,0,0,0,0,
383,0,0,0,0,
415,0,0,0,0,
447,0,0,0,0,
478,0,0,0,0,
508,0,0,0,0,
540,0,0,0,0,
572,0,0,0,0,
602,0,0,0,0,
633,0,0,0,0,
665,0,0,0,0,
695,0,0,0,0,
726,0,0,0,0,
757,0,0,0,0,
789,0,0,0,0,
820,0,0,0,0,
852,0,0,0,0,
882,0,0,0,0,
913,0,0,0,0,
943,0,0,0,0,
975,0,0,0,0,
1006,0,0,0,0,
1037,0,0,0,0,
1069,0,0,0,0,
1099,0,0,0,0,
1130,0,0,0,0,
1161,0,0,0,0,
1192,0,0,0,0,
1224,0,0,0,0,
1254,0,0,0,0,
1286,0,0,0,0,
1318,0,0,0,0,
1349,0,0,0,0,
1380,0,0,0,0,
1410,0,0,0,0,
1441,0,0,0,0,
1471,0,0,0,0,
1502,0,0,0,0,
1534,0,0,0,0,
1564,0,0,0,0,
1595,0,0,0,0,
1626,0,0,0,0,
1657,0,0,0,0,
1688,0,0,0,0,
1719,0,0,0,0,
1750,0,0,0,0,
1780,0,0,0,0,
1811,0,0,0,0,
1842,0,0,0,0,
1872,0,0,0,0,
1903,0,0,0,0,
1934,0,0,0,0,
1964,0,0,0,0,
1995,0,0,0,0,
2025,0,0,0,0,
2056,0,0,0,0,
2086,0,0,0,0,
2117,0,0,0,0,
2148,0,0,0,0,
2179,0,0,0,0,
2209,0,0,0,0,
2240,0,0,0,0,
2271,0,0,0,0,
2301,0,0,0,0,
2332,0,0,0,0,
2364,0,0,0,0,
2394,0,0,0,0,
2425,0,0,0,0,
2456,0,0,0,0,
2487,0,0,0,0,
2517,0,0,0,0,
2548,0,0,0,0,
2579,0,0,0,0,
2610,0,0,0,0,
2641,0,0,0,0,
2672,0,0,0,0,
2702,0,0,0,0,
2734,0,0,0,0,
2764,0,0,0,0,
2796,0,0,0,0,
2826,0,0,0,0,
2858,0,0,0,0,
2889,0,0,0,0,
2919,0,0,0,0,
2951,0,0,0,0,
2981,0,0,0,0,
3012,0,0,0,0,
3043,0,0,0,0,
3074,0,0,0,0,
3107,0,0,1,0,
3138,0,1,0,0,
3171,0,0,0,0,
3202,0,0,0,0,
3233,0,1,0,0,
3263,0,1,0,0,
3294,0,0,0,0,
3325,0,0,0,0,
3356,0,0,0,0,
3389,0,1,0,0,
3420,0,0,0,0,
25,0,0,0,0,
57,0,0,0,0,
89,0,0,0,0,
120,0,0,0,0,
152,0,0,0,0,
184,0,0,0,0,
216,0,0,0,0,
248,0,0,0,0,
280,0,0,0,0,
312,0,0,0,0,
344,0,0,0,0,
376,0,0,0,0,
408,0,0,0,0,
440,0,0,0,0,
472,0,0,0,0,
504,0,0,0,0,
536,0,0,0,0,
567,0,0,0,0,
599,0,0,0,0,
629,0,0,0,0,
659,0,0,0,0,
690,0,0,0,0,
722,0,0,0,0,
753,0,0,0,0,
784,0,0,0,0,
815,0,0,0,0,
845,0,0,0,0,
875,0,0,0,0,
906,0,0,0,0,
937,0,0,0,0,
968,0,0,0,0,
998,0,0,0,0,
1029,0,0,0,0,
1060,0,0,0,0,
1090,0,0,0,0,
1121,0,0,0,0,
1152,0,0,0,0,
1183,0,0,0,0,
1214,0,0,0,0,
1244,0,0,0,0,
1275,0,0,0,0,
1307,0,0,0,0,
1338,0,0,0,0,
1368,0,0,0,0,
1399,0,0,0,0,
1430,0,0,0,0,
1463,0,0,0,0,
1494,0,0,0,0,
1526,0,0,0,0,
1558,0,0,0,0,
1589,0,0,0,0,
1620,0,0,0,0,
1652,0,0,0,0,
1683,0,0,0,0,
1715,0,0,0,0,
1746,0,0,0,0,
1778,0,0,0,0,
1808,0,0,0,0,
1840,0,0,0,0,
1871,0,0,0,0,
1902,0,0,0,0,
1933,0,0,0,0,
1964,0,0,0,0,
1994,0,0,0,0,
2025,0,0,0,0,
2055,0,0,0,0,
2087,0,0,0,0,
2118,0,0,0,0,
2149,0,0,0,0,
2180,0,0,0,0,
2211,0,0,0,0,
2242,0,0,0,0,
2273,0,0,0,0,
2304,0,0,0,0,
2335,0,0,0,0,
2366,0,0,0,0,
2396,0,0,0,0,
2427,0,0,0,0,
2458,0,0,0,0,
2489,0,0,0,0,
2520,0,0,0,0,
2552,0,0,0,0,
2582,0,0,0,0,
2613,0,0,0,0,
2645,0,0,0,0,
2676,0,0,0,0,
2706,0,0,0,0,
2737,0,0,0,0,
2767,0,0,0,0,
2798,0,0,0,0,
2829,0,0,0,0,
2860,0,0,0,0,
2891,0,0,0,0,
2923,0,0,0,0,
2953,0,0,0,0,
2984,0,0,0,0,
3016,0,0,0,0,
3047,0,0,0,0,
3078,0,0,0,0,
3113,1,0,0,0,
3140,0,1,0,0,
3171,0,0,0,0,
3202,0,1,0,0,
3233,0,0,0,0,
3264,1,0,0,0,
3294,0,0,0,0,
3325,0,0,0,0,
3357,0,0,0,0,
3389,0,0,0,0,
3419,0,0,0,1,
3449,0,0,0,0,
32,0,0,0,0,
63,0,0,0,0,
94,0,0,0,0,
125,0,0,0,0,
157,0,0,0,0,
188,0,0,0,0,
220,0,0,0,0,
250,0,0,0,0,
280,0,0,0,0,
311,0,0,0,0,
343,0,0,0,0,
374,0,0,0,0,
405,0,0,0,0,
435,0,0,0,0,
467,0,0,0,0,
497,0,0,0,0,
528,0,0,0,0,
559,0,0,0,0,
590,0,0,0,0,
621,0,0,0,0,
651,0,0,0,0,
681,0,0,0,0,
712,0,0,0,0,
743,0,0,0,0,
774,0,0,0,0,
804,0,0,0,0,
835,0,0,0,0,
867,0,0,0,0,
898,0,0,0,0,
929,0,0,0,0,
959,0,0,0,0,
991,0,0,0,0,
1022,0,0,0,0,
1053,0,0,0,0,
1085,0,0,0,0,
1116,0,0,0,0,
1147,0,0,0,0,
1178,0,0,0,0,
1209,0,0,0,0,
1240,0,0,0,0,
1271,0,0,0,0,
1301,0,0,0,0,
1333,0,0,0,0,
1363,0,0,0,0,
1395,0,0,0,0,
1425,0,0,0,0,
1456,0,0,0,0,
1487,0,0,0,0,
1518,0,0,0,0,
1549,0,0,0,0,
1580,0,0,0,0,
1611,0,0,0,0,
1643,0,0,0,0,
1674,0,0,0,0,
1704,0,0,0,0,
1735,0,0,0,0,
1765,0,0,0,0,
1796,0,0,0,0,
1827,0,0,0,0,
1858,0,0,0,0,
1888,0,0,0,0,
1919,0,0,0,0,
1950,0,0,0,0,
1981,0,0,0,0,
2012,0,0,0,0,
2044,0,0,0,0,
2075,0,0,0,0,
2105,0,0,0,0,
2135,0,0,0,0,
2167,0,0,0,0,
2199,0,0,0,0,
2230,0,0,0,0,
2260,0,0,0,0,
2291,0,0,0,0,
2322,0,0,0,0,
2354,0,0,0,0,
2385,0,0,0,0,
2416,0,0,0,0,
2447,0,0,0,0,
2478,0,0,0,0,
2508,0,0,0,0,
2540,0,0,0,0,
2571,0,0,0,0,
2601,0,0,0,0,
2632,0,0,0,0,
2662,0,0,0,0,
2694,0,0,0,0,
2725,0,0,0,0,
2756,0,0,0,0,
2786,0,0,0,0,
2817,0,0,0,0,
2849,0,0,0,0,
2880,0,0,0,0,
2910,0,0,0,0,
2941,0,0,0,0,
2972,0,0,0,0,
3002,0,0,0,0,
3033,0,0,0,0,
3063,0,0,0,0,
3096,0,0,0,0,
3126,0,0,0,0,
3158,0,0,0,0,
3188,0,0,0,0,
3219,0,0,0,0,
3250,0,0,0,0,
3281,0,0,0,0,
3313,0,0,0,0,
3344,0,0,0,0,
3375,0,0,0,0,
3405,0,0,0,0,
3437,0,0,0,0,
3467,0,0,0,0,
3498,0,0,0,0,
3529,0,0,0,0,
3559,0,0,0,0,
3590,0,0,0,0,
3621,0,0,0,0,
3652,0,0,0,0,
3684,0,0,0,0,
3714,0,0,0,0,
3745,0,0,0,0,
3776,0,0,0,0,
3806,0,0,0,0,
3837,0,0,0,0,
3867,0,0,0,0,
3899,0,0,0,0,
3929,0,0,0,0,
3961,0,0,0,0,
3992,0,0,0,0,
4024,0,0,0,0,
4054,0,0,0,0,
4085,0,0,0,0,
4117,0,0,0,0,
4147,0,0,0,0,
4179,0,0,0,0,
4211,0,0,0,0,
4241,0,0,0,0,
4273,0,0,0,0,
4304,0,0,0,0,
4335,0,0,0,0,
4366,0,0,0,0,
4396,0,0,0,0,
4427,0,0,0,0,
4458,0,0,0,0,
4489,0,0,0,0,
4520,0,0,0,0,
4551,0,0,0,0,
4582,0,0,0,0,
4612,0,0,0,0,
4643,0,0,0,0,
4674,0,0,0,0,
4704,0,0,0,0,
4735,0,0,0,0,
4766,0,0,0,0,
4797,0,0,0,0,
4828,0,0,0,0,
4859,0,0,0,0,
4889,0,0,0,0,
4920,0,0,0,0,
4951,0,0,0,0,
4981,0,0,0,0,
5012,0,0,0,0,
5043,0,0,0,0,
5075,0,0,0,0,
5106,0,0,0,0,
5137,0,0,0,0,
5169,0,0,0,0,
5200,0,0,0,0,
5231,0,0,0,0,
5262,0,0,0,0,
5292,0,0,0,0,
5323,0,0,0,0,
5353,0,0,0,0,
5384,0,0,0,0,
5415,0,0,0,0,
5446,0,0,0,0,
5477,0,0,0,0,
5508,0,0,0,0,
5538,0,0,0,0,
5569,0,0,0,0,
5600,0,0,0,0,
5630,0,0,0,0,
5662,0,0,0,0,
5693,0,0,0,0,
5724,0,0,0,0,
5755,0,0,0,0,
5787,0,0,0,0,
5818,0,0,0,0,
5849,0,0,0,0,
5880,0,0,0,0,
5910,0,0,0,0,
5941,0,0,0,0,
5973,0,0,0,0,
6004,0,0,0,0,
6035,0,0,0,0,
6065,0,0,0,0,
6096,0,0,0,0,
6127,0,0,0,0,
6158,0,0,0,0,
6189,0,0,0,0,
6220,0,0,0,0,
6251,0,0,0,0,
6281,0,0,0,0,
6312,0,0,0,0,
6343,0,0,0,0,
6374,0,0,0,0,
6405,0,0,0,0,
6435,0,0,0,0,
6467,0,0,0,0,
6498,0,0,0,0,
6529,0,0,0,0,
6560,0,0,0,0,
6591,0,0,0,0,
6622,0,0,0,0,
6652,0,0,0,0,
6683,0,0,0,0,
6714,0,0,0,0,
6744,0,0,0,0,
6776,0,0,0,0,
6806,0,0,0,0,
6837,0,0,0,0,
6868,0,0,0,0,
6898,0,0,0,0,
6929,0,0,0,0,
6959,0,0,0,0,
6990,0,0,0,0,
7022,0,0,0,0,
7053,0,0,0,0,
7083,0,0,0,0,
7114,0,0,0,0,
7145,0,0,0,0,
7175,0,0,0,0,
7206,0,0,0,0,
7237,0,0,0,0,
7268,0,0,0,0,
7299,0,0,0,0,
7330,0,0,0,0,
7360,0,0,0,0,
7392,0,0,0,0,
7423,0,0,0,0,
7455,0,0,0,0,
7487,0,0,0,0,
7518,0,0,0,0,
7548,0,0,0,0,
7578,0,0,0,0,
7608,0,0,0,0,
7640,0,0,0,0,
7671,0,0,0,0,
7701,0,0,0,0,
7732,0,0,0,0,
7762,0,0,0,0,
7793,0,0,0,0,
7825,0,0,0,0,
7855,0,0,0,0,
7886,0,0,0,0,
7918,0,0,0,0,
7948,0,0,0,0,
7980,0,0,0,0,
8010,0,0,0,0,
8042,0,0,0,0,
8072,0,0,0,0,
8103,0,0,0,0,
8134,0,0,0,0,
8164,0,0,0,0,
8195,0,0,0,0,
8226,0,0,0,0,
8256,0,0,0,0,
8287,0,0,0,0,
8317,0,0,0,0,
8348,0,0,0,0,
8379,0,0,0,0,
8410,0,0,0,0,
8441,0,0,0,0,
8472,0,0,0,0,
8504,0,0,0,0,
8536,0,0,0,0,
8566,0,0,0,0,
8597,0,0,0,0,
8628,0,0,0,0,
8660,0,0,0,0,
8690,0,0,0,0,
8721,0,0,0,0,
8752,0,0,0,0,
8783,0,0,0,0,
8814,0,0,0,0,
8845,0,0,0,0,
8876,0,0,0,0,
8908,0,0,0,0,
8939,0,0,0,0,
8969,0,0,0,0,
8999,0,0,0,0,
9031,0,0,0,0,
9061,0,0,0,0,
9092,0,0,0,0,
9122,0,0,0,0,
9154,0,0,0,0,
9185,0,0,0,0,
9217,0,0,0,0,
9247,0,0,0,0,
9278,0,0,0,0,
9308,0,0,0,0,
9339,0,0,0,0,
9370,0,0,0,0,
9400,0,0,0,0,
9431,0,0,0,0,
9463,0,0,0,0,
9494,0,0,0,0,
9524,0,0,0,0,
9555,0,0,0,0,
9586,0,0,0,0,
9617,0,0,0,0,
9647,0,0,0,0,
9678,0,0,0,0,
9709,0,0,0,0,
9740,0,0,0,0,
9771,0,0,0,0,
9803,0,0,0,0,
9834,0,0,0,0,
9865,0,0,0,0,
9896,0,0,0,0,
9927,0,0,0,0,
9958,0,0,0,0,
9989,0,0,0,0,
10019,0,0,0,0,
10051,0,0,0,0,
10081,0,0,0,0,
10112,0,0,0,0,
10144,0,0,0,0,
10175,0,0,0,0,
10207,0,0,0,0,
10238,0,0,0,0,
10269,0,0,0,0,
10299,0,0,0,0,
10331,0,0,0,0,
10362,0,0,0,0,
10392,0,0,0,0,
10424,0,0,0,0,
10454,0,0,0,0,
10486,0,0,0,0,
10516,0,0,0,0,
10547,0,0,0,0,
10578,0,0,0,0,
10609,0,0,0,0,
10640,0,0,0,0,
10671,0,0,0,0,
10701,0,0,0,0,
10731,0,0,0,0,
10763,0,0,0,0,
10794,0,0,0,0,
10825,0,0,0,0,
10855,0,0,0,0,
10886,0,0,0,0,
10916,0,0,0,0,
10947,0,0,0,0,
10978,0,0,0,0,
11008,0,0,0,0,
11040,0,0,0,0,
11071,0,0,0,0,
11101,0,0,0,0,
11133,0,0,0,0,
11163,0,0,0,0,
11194,0,0,0,0,
11224,0,0,0,0,
11256,0,0,0,0,
11286,0,0,0,0,
11318,0,0,0,0,
11348,0,0,0,0,
11380,0,0,0,0,
11412,0,0,0,0,
11442,0,0,0,0,
11474,0,0,0,0,
11504,0,0,0,0,
11535,0,0,0,0,
11565,0,0,0,0,
11596,0,0,0,0,
11627,0,0,0,0,
11659,0,0,0,0,
11690,0,0,0,0,
11721,0,0,0,0,
11752,0,0,0,0,
11783,0,0,0,0,
11814,0,0,0,0,
11845,0,0,0,0,
11876,0,0,0,0,
11907,0,0,0,0,
11938,0,0,0,0,
11970,0,0,0,0,
12001,0,0,0,0,
12032,0,0,0,0,
12064,0,0,0,0,
12095,0,0,0,0,
12125,0,0,0,0,
12156,0,0,0,0,
12187,0,0,0,0,
12218,0,0,0,0,
12249,0,0,0,0,
12280,0,0,0,0,
12310,0,0,0,0,
12341,0,0,0,0,
12372,0,0,0,0,
12402,0,0,0,0,
12433,0,0,0,0,
12464,0,0,0,0,
12495,0,0,0,0,
12526,0,0,0,0,
12557,0,0,0,0,
12588,0,0,0,0,
12619,0,0,0,0,
12649,0,0,0,0,
12679,0,0,0,0,
12710,0,0,0,0,
12741,0,0,0,0,
12771,0,0,0,0,
12802,0,0,0,0,
12833,0,0,0,0,
12864,0,0,0,0,
12895,0,0,0,0,
12925,0,0,0,0,
12956,0,0,0,0,
12987,0,0,0,0,
13019,0,0,0,0,
13050,0,0,0,0,
13081,0,0,0,0,
13111,0,0,0,0,
13141,0,1,0,0,
13172,1,0,0,0,
13204,0,0,0,0,
13234,0,0,0,0,
13266,0,0,0,0,
13297,0,0,0,0,
13327,0,0,0,0,
13359,0,0,0,0,
13390,0,0,0,0,
13420,0,0,0,0,
13451,0,0,0,0,
13482,0,0,0,0,
13514,0,0,0,0,
13545,0,0,0,0,
13576,0,0,0,0,
13607,0,0,0,0,
13638,0,0,0,0,
13669,0,0,0,0,
13700,0,0,0,0,
13731,0,0,0,0,
13762,0,0,0,0,
13794,0,0,0,0,
13826,0,0,0,0,
13857,0,0,0,0,
13888,0,0,0,0,
13920,0,0,0,0,
13950,0,0,0,0,
13981,0,0,0,0,
14013,0,0,0,0,
14043,0,0,0,0,
